{
  "mae": 13.471511218995593,
  "rmse": 38.15132335275087,
  "mape_pct": 6.562129961044401,
  "r2": 0.9917040590589113,
  "rows": 1280000,
  "features": [
    "xp_points",
    "eta",
    "past_hikes",
    "avg_speed",
    "lunghezza",
    "elevation_gain",
    "difficulty",
    "surface_type_forest",
    "surface_type_mixed",
    "surface_type_mountain",
    "surface_type_road"
  ],
  "by_length_bucket": {
    "0": {
      "n": 15762,
      "mae_min": 0.069,
      "mape_pct": 6.52
    },
    "1": {
      "n": 16296,
      "mae_min": 0.106,
      "mape_pct": 6.55
    },
    "10": {
      "n": 15996,
      "mae_min": 5.826,
      "mape_pct": 6.62
    },
    "11": {
      "n": 16004,
      "mae_min": 9.811,
      "mape_pct": 6.64
    },
    "12": {
      "n": 15999,
      "mae_min": 16.837,
      "mape_pct": 6.58
    },
    "13": {
      "n": 15998,
      "mae_min": 28.998,
      "mape_pct": 6.55
    },
    "14": {
      "n": 16003,
      "mae_min": 51.742,
      "mape_pct": 6.55
    },
    "15": {
      "n": 16000,
      "mae_min": 92.72,
      "mape_pct": 6.58
    },
    "2": {
      "n": 16016,
      "mae_min": 0.161,
      "mape_pct": 6.48
    },
    "3": {
      "n": 15859,
      "mae_min": 0.249,
      "mape_pct": 6.58
    },
    "4": {
      "n": 16031,
      "mae_min": 0.378,
      "mape_pct": 6.57
    },
    "5": {
      "n": 16049,
      "mae_min": 0.576,
      "mape_pct": 6.5
    },
    "6": {
      "n": 15993,
      "mae_min": 0.891,
      "mape_pct": 6.5
    },
    "7": {
      "n": 16001,
      "mae_min": 1.415,
      "mape_pct": 6.61
    },
    "8": {
      "n": 15990,
      "mae_min": 2.209,
      "mape_pct": 6.55
    },
    "9": {
      "n": 16003,
      "mae_min": 3.549,
      "mape_pct": 6.62
    }
  },
  "by_difficulty": {
    "1": {
      "n": 51200,
      "mae_min": 7.421,
      "mape_pct": 6.53
    },
    "2": {
      "n": 51200,
      "mae_min": 10.064,
      "mape_pct": 6.56
    },
    "3": {
      "n": 51200,
      "mae_min": 14.008,
      "mape_pct": 6.56
    },
    "4": {
      "n": 51200,
      "mae_min": 16.761,
      "mape_pct": 6.57
    },
    "5": {
      "n": 51200,
      "mae_min": 19.105,
      "mape_pct": 6.59
    }
  }
}